{
  "perplexity": 6.204276349770268,
  "distinct_2": 0.7197258187357197,
  "distinct_3": 0.8321732405259087,
  "self_bleu": {
    "intra_style": {
      "calm_safe": 0.06991528311008849,
      "empathetic": 0.11823453277133991,
      "encouraging": 0.10086852450752896,
      "rational": 0.07394668481082448
    },
    "cross_style": {
      "calm_safe": 0.019895324121384526,
      "empathetic": 0.019895324121384526,
      "encouraging": 0.008587528407052394,
      "rational": 0.004270531952714473
    }
  },
  "style_embedding_distances": {
    "calm_safe_vs_empathetic": 1.0,
    "calm_safe_vs_encouraging": 1.0,
    "calm_safe_vs_rational": 1.0,
    "empathetic_vs_encouraging": 1.0,
    "empathetic_vs_rational": 1.0,
    "encouraging_vs_rational": 1.0
  },
  "interpolation_smoothness": {
    "avg_smoothness": 0.7746748830196765,
    "avg_distance": 0.7213901386746496,
    "per_input": [
      {
        "adjacent_distances": [
          0.45833333333333337,
          0.8051948051948052,
          0.045454545454545414,
          0.75,
          0.8695652173913043,
          0.8017241379310345,
          0.5900000000000001,
          1.0
        ],
        "mean_distance": 0.6650340049131279,
        "cv": 0.4225781515385622,
        "smoothness_score": 0.7029490779950958
      },
      {
        "adjacent_distances": [
          0.7887323943661972,
          0.5932203389830508,
          0.34883720930232553,
          0.8974358974358975,
          0.9024390243902439,
          0.23529411764705888,
          0.5593220338983051,
          1.0
        ],
        "mean_distance": 0.6656601270028849,
        "cv": 0.389888930702746,
        "smoothness_score": 0.7194819513343321
      },
      {
        "adjacent_distances": [
          0.9224806201550387,
          0.8023255813953488,
          0.8846153846153846,
          0.8134328358208955,
          0.6630434782608696,
          0.7912087912087912,
          0.8064516129032258,
          0.984251968503937
        ],
        "mean_distance": 0.8334762841079364,
        "cv": 0.1091471568974855,
        "smoothness_score": 0.9015936197296013
      }
    ]
  },
  "num_samples": 20
}